first_seen,last_seen,chain,ca,symbol,name,liquidity_usd,market_cap,volume_24h,price_usd,dex_url
2026-04-22 07:22:30 UTC,2026-04-22 07:22:30 UTC,solana,GSBHZV1K3c3S1SSo3iZXmHrHALkWsV5vd8wEx86Bpump,TOFU,TOFU,32540.74,155793,625876.1,0.0001557,https://dexscreener.com/solana/gxxybnsaymbnmo2tgpqksqcutq1upgyjovqch2rh57ns
2026-04-22 07:22:30 UTC,2026-04-22 07:22:30 UTC,solana,GLWtUtFnu2LUxu2gEL6RZxm1xuByEAnpLq5TyCSMpump,earthcoin,8.2B+,38726.7,221473,567392.8,0.0002214,https://dexscreener.com/solana/7e4mtgmvwrhaseejgyrcoweuxwfz7xysymv9buncdxci
2026-04-22 07:22:30 UTC,2026-04-22 07:22:30 UTC,solana,FyppWxuXuJJgN4xRECQhS7MDHJ68p4KR4Rdi1Mzhpump,MWGA,Make Whale Great Again,27525.79,115520,448476.85,0.0001155,https://dexscreener.com/solana/dg7kfhibgnxr3aay2bk6qvb4mzluhuhwnusvzk7ecehm
2026-04-22 01:52:55 UTC,2026-04-22 01:52:55 UTC,solana,Fi7G1b2Exqcy4XB9Hpq9K6CgP9Hcr4MwhEBXM7hqpump,ETF,Extraterrestrial Fund,60539.1,567093,734852.23,0.0005670,https://dexscreener.com/solana/7zkb88pyfxynwzgmdcd3mjgh628u784rzkc2ebkcxdny
2026-04-22 01:52:55 UTC,2026-04-22 01:52:55 UTC,solana,Bcn2pV6MTUtDY5kTYKH5ai8JqDD5er4ARL7BU6vKpump,cunc,cunc,33509.35,175953,236936.06,0.0001759,https://dexscreener.com/solana/cdnmze3rr2uqvpp9nlajonhm8w8yjpzzanwrejzbsnpe
2026-04-22 01:52:55 UTC,2026-04-22 01:52:55 UTC,solana,EXBxYW9pntvv8H8s5YNzs8PczVas3meQQPuQK25hpump,Herm3x,Herm3x,27374.28,111291,140703.97,0.0001113,https://dexscreener.com/solana/5wx3qm6g57dbazwkjawxb2nu8rnjpjhwsgxosfyvpjtn
2026-04-21 19:16:36 UTC,2026-04-21 19:22:01 UTC,ethereum,0xD09185Df1d4B966Ac559FA72cE5E6ADf5DC5Ffe3,CLUTCH,Clutch The Bald Eagle,43444.81,471255,425857.61,0.0004712,https://dexscreener.com/ethereum/0xb49e10f4ff4c258d790752cd7b1fefa733f5c170
2026-04-21 19:16:36 UTC,2026-04-21 19:22:01 UTC,solana,BUVSTjCb9F17HF5mmBBjHbLau92r9LGNRGPKDxj6brrr,1,Just stake $1 of this coin,47605.9,229158,248274.3,0.0002395,https://dexscreener.com/solana/2moaq4qmmb3esv4jzvr7ysykggtr3amga839u3byokhh
2026-04-21 19:16:36 UTC,2026-04-21 19:16:36 UTC,ethereum,0x01328FaFFA6CF98988F0530A57538a896B65A37e,SNOOPY,Snoopy,40384.14,199867,202335.21,0.0001998,https://dexscreener.com/ethereum/0xefd08a28814dbd189cc50a3c57c66be7a6ff4c9c
2026-04-21 19:16:36 UTC,2026-04-21 19:22:01 UTC,solana,BVG5pTybt2EV2LzfDoKLPmH8QVRoq5XPbdBUAy2rtCdb,LENS,ChainLens,30911,117502,180877.12,0.0001175,https://dexscreener.com/solana/2h9zdxw2yh3dxq1iomqto59pycycohpxjteczjkhggwr
2026-04-21 19:16:36 UTC,2026-04-21 19:22:01 UTC,solana,GgdyqHFjU2o91NhyDn3P3aqxnHgjnBWBRJJiJgXGbrrr,UN,Unobtainium,25518.35,121122,121162.05,0.0001239,https://dexscreener.com/solana/eeuytymkvozrdghmj36gwrs6rtsgd92wa1ataafp8tsq
2026-04-22 12:50:22 UTC,solana,7nUiLQmFLbuRuHpkkupyBvyZ6jTpUj2Z5DoZt7ZE3G44,AAVESCAM,AAVESCAM,47931,309334,134482
2026-04-22 12:50:22 UTC,solana,oj4s6eghXGE9zkjLtnMw95K5gvWUwsrLX7FYKuipump,FLORK,Flork,71855,755404,1146837
2026-04-22 12:50:22 UTC,solana,GomVkoQFG3H8YEmcDqP2Xkp7DN1mzWhMAU41ci3ypump,MPGA,Make Penguin Great Again,51685,374555,1109108
2026-04-22 12:50:22 UTC,base,0x65e05bA256933EB7FE70774FBa785bAd666DdA45,FALKEN,Falken Protocol,56495,196549,579562
2026-04-22 12:50:22 UTC,solana,9wDk4whJZPmKrQMXa2Nx5uhsGki9df15rSgB3Hbjpump,PUMPSTER,Pumping Hamster,25727,101317,260758
2026-04-22 12:50:22 UTC,solana,AVpXhoX6PMkp3tT5VvSXs7jvQb16BoJTkpEracW4pump,POPE,Holy Pepe,29252,131252,263743
2026-04-22 12:50:22 UTC,ethereum,0x616Af7d50674429318CfDe85f632e6D0dE4e6F76,Michael,Michael Jackson,174457,1741851,1474953
2026-04-22 12:50:22 UTC,solana,HcbsqQC3sn2LMwbjVafiEd8nJ2ATZHH2wXH4xqV2pump,PEACE,Peace Frog,283589,8772332,2713068
2026-04-22 12:50:22 UTC,solana,9VimYprbUJDzkpnQb2VNpaZ8yXiipfdj2w1M14RGpump,MTGA,Make Tokabu Great Again,62211,495774,2102071
2026-04-22 12:50:22 UTC,ethereum,0x7C9F94a79b6B859dfB1d3312fc2311b39F89c677,somETHing,believe in somETHing,130449,1253096,170519
2026-04-22 12:50:22 UTC,solana,Ai9HeYDrjpJtrjpHfDwVXfVoCR5ja9Cmt9cHGg2kpump,ALIENPEPE,Alien Pepe,33526,171552,319725
2026-04-22 12:50:22 UTC,solana,AS8nmMKRSaaEz4kHWWe7TCZc3Ysy7o3VMEoDSYV2pump,M67GA,Make 67 Great Again,59144,419998,3425507
2026-04-22 12:50:22 UTC,solana,XSeEuPW5CuzaCSmWhdW8KVk26aBDntGSmvqCxFBpump,HONESTRUG,HONESTRUG,81903,847963,1052646
2026-04-22 12:50:22 UTC,solana,BR6CaZYnN7ZodDyqXY38VzsucrScyRMN3qszbPVApump,BRETT,Brett by Matt Furie,46713,311300,941404
2026-04-22 12:50:22 UTC,solana,9qMWbx3wDtEYJhw5dGKUpkwcHnunpUiwGzLi2hPopump,DANKDOGE,Dank Doge,29111,116529,946520
2026-04-22 12:50:22 UTC,solana,7udhnYmvHJFgRYGBeAioQNfzd95JtGTUjrRwNe8VCoG4,FOF,Federal Oil Fund,189210,5538771,1151802
2026-04-22 12:50:22 UTC,solana,nHtKdt67T4DHX5FfcXuwAviHEhJM552nrXmHW7xpump,ADHD,Millions Coded,45552,198130,598238
2026-04-22 12:50:22 UTC,solana,FFvp48WygUSxCCNP3n9Zu5G7F2yatwXQHbpD2Mkkpump,Skibidi,Skibidi Toilet,76359,545785,530904
2026-04-22 12:50:22 UTC,solana,4JBeo37fKhEsTXp6PtAYktYRnDAa8DcXZaZ4tTuPpump,TARDI,Tardi,45047,135321,2428281
2026-04-22 12:50:22 UTC,solana,CAjtTHvC878f8cZ4zEwdvgjkjFM7rbYN8Mb1go1cpump,DUMBMONEY,Dumb Money,138876,1431268,1554884
2026-04-22 12:50:22 UTC,solana,WTF69x41ZbgyxCCXi6qpyLyDZdPpv5yRSLpga8JQ5cR,WTF,Monkey Cat,73948,760060,1040760
2026-04-22 12:50:22 UTC,solana,BFiGUxnidogqcZAPVPDZRCfhx3nXnFLYqpQUaUGpump,SPIKE,SPIKE ,367058,11319444,2271580
2026-04-22 12:50:22 UTC,solana,WCoRVxGcpiwE6EvtDjXHJq6Kcn4nWT9Ubt1PrJHNAzM,WCOR,World Collective Oil Reserve,220717,5707929,102395
2026-04-22 12:50:22 UTC,ethereum,0x45547AB0100f5E8b158258b6d94D7586De69fc21,MYSTERY,Mystery,165090,1794276,1467489
2026-04-22 12:50:22 UTC,base,0x311935Cd80B76769bF2ecC9D8Ab7635b2139cf82,SOL,Solana,371558,5121097,5390982
2026-04-22 12:50:22 UTC,solana,SooEj828BSjtgTecBRkqBJ4oquc713yyFZqbCawawoN,SOL,Solana,7050108,9403844,201270
2026-04-22 12:50:22 UTC,solana,sokhCSmzutMPPuNcxG1j6gYLowgiM8mswjJu8FBYm5r,SOL,Solana,901237,2310806,201229
2026-04-22 12:50:22 UTC,solana,sosd5Q3DutGxMEaukBDmkPgsapMQz59jNjGWmhYcdTQ,SOL,Solana,2466910,3293491,201229
2026-04-22 12:50:22 UTC,solana,7AEEdoP2zhMad1tkFNYyDnDB9Hjy7sb1LSB2KxAQr3EV,SOL,Solana,1221681,1277906,201219
2026-04-22 12:50:22 UTC,solana,3z2tRjNuQjoq6UDcw4zyEPD1Eb5KXMPYb4GWFzVT1DPg,SURGE,SURGE,429483,7089967,727275
2026-04-22 13:10:11 UTC,solana,oj4s6eghXGE9zkjLtnMw95K5gvWUwsrLX7FYKuipump,FLORK,Flork,41567,248253,1406155
2026-04-22 13:10:11 UTC,solana,GomVkoQFG3H8YEmcDqP2Xkp7DN1mzWhMAU41ci3ypump,MPGA,Make Penguin Great Again,55809,429785,1328744
2026-04-22 13:10:11 UTC,base,0x65e05bA256933EB7FE70774FBa785bAd666DdA45,FALKEN,Falken Protocol,54648,186339,582074
2026-04-22 13:10:11 UTC,solana,9wDk4whJZPmKrQMXa2Nx5uhsGki9df15rSgB3Hbjpump,PUMPSTER,Pumping Hamster,27688,116628,306130
2026-04-22 13:10:11 UTC,solana,AVpXhoX6PMkp3tT5VvSXs7jvQb16BoJTkpEracW4pump,POPE,Holy Pepe,28723,126133,292487
2026-04-22 13:10:11 UTC,solana,BR6CaZYnN7ZodDyqXY38VzsucrScyRMN3qszbPVApump,BRETT,Brett by Matt Furie,42970,261208,1037856
2026-04-22 13:10:11 UTC,solana,HcbsqQC3sn2LMwbjVafiEd8nJ2ATZHH2wXH4xqV2pump,PEACE,Peace Frog,281395,8641202,2722097
2026-04-22 13:10:11 UTC,solana,9VimYprbUJDzkpnQb2VNpaZ8yXiipfdj2w1M14RGpump,MTGA,Make Tokabu Great Again,68819,600297,2280724
2026-04-22 13:10:11 UTC,ethereum,0x7C9F94a79b6B859dfB1d3312fc2311b39F89c677,somETHing,believe in somETHing,127396,1193241,175778
2026-04-22 13:10:11 UTC,solana,Ai9HeYDrjpJtrjpHfDwVXfVoCR5ja9Cmt9cHGg2kpump,ALIENPEPE,Alien Pepe,33132,166253,394052
2026-04-22 13:10:11 UTC,solana,XSeEuPW5CuzaCSmWhdW8KVk26aBDntGSmvqCxFBpump,HONESTRUG,HONESTRUG,127871,2056264,1203646
2026-04-22 13:10:11 UTC,solana,7udhnYmvHJFgRYGBeAioQNfzd95JtGTUjrRwNe8VCoG4,FOF,Federal Oil Fund,189619,5565080,1137542
2026-04-22 13:10:11 UTC,solana,nHtKdt67T4DHX5FfcXuwAviHEhJM552nrXmHW7xpump,ADHD,Millions Coded,46225,203994,602540
2026-04-22 13:10:11 UTC,solana,FFvp48WygUSxCCNP3n9Zu5G7F2yatwXQHbpD2Mkkpump,Skibidi,Skibidi Toilet,75004,526550,544515
2026-04-22 13:10:11 UTC,solana,4JBeo37fKhEsTXp6PtAYktYRnDAa8DcXZaZ4tTuPpump,TARDI,Tardi,44847,133551,2483803
2026-04-22 13:10:11 UTC,solana,CAjtTHvC878f8cZ4zEwdvgjkjFM7rbYN8Mb1go1cpump,DUMBMONEY,Dumb Money,140365,1461342,1573711
2026-04-22 13:10:11 UTC,solana,WTF69x41ZbgyxCCXi6qpyLyDZdPpv5yRSLpga8JQ5cR,WTF,Monkey Cat,72922,738835,1025270
2026-04-22 13:10:11 UTC,solana,BFiGUxnidogqcZAPVPDZRCfhx3nXnFLYqpQUaUGpump,SPIKE,SPIKE ,362434,11041367,2278874
2026-04-22 13:10:11 UTC,solana,WCoRVxGcpiwE6EvtDjXHJq6Kcn4nWT9Ubt1PrJHNAzM,WCOR,World Collective Oil Reserve,220686,5706310,105828
2026-04-22 13:10:11 UTC,ethereum,0x45547AB0100f5E8b158258b6d94D7586De69fc21,MYSTERY,Mystery,168973,1876421,1470443
2026-04-22 13:10:11 UTC,base,0x311935Cd80B76769bF2ecC9D8Ab7635b2139cf82,SOL,Solana,1041676,5134380,5356934
2026-04-22 13:10:11 UTC,solana,SooEj828BSjtgTecBRkqBJ4oquc713yyFZqbCawawoN,SOL,Solana,7050108,9403844,201270
2026-04-22 13:10:11 UTC,solana,sosd5Q3DutGxMEaukBDmkPgsapMQz59jNjGWmhYcdTQ,SOL,Solana,2466908,3293488,201230
2026-04-22 13:10:11 UTC,solana,sokhCSmzutMPPuNcxG1j6gYLowgiM8mswjJu8FBYm5r,SOL,Solana,901237,2310806,201224
2026-04-22 13:10:11 UTC,solana,7AEEdoP2zhMad1tkFNYyDnDB9Hjy7sb1LSB2KxAQr3EV,SOL,Solana,1221681,1277906,201219
2026-04-22 13:10:11 UTC,solana,3z2tRjNuQjoq6UDcw4zyEPD1Eb5KXMPYb4GWFzVT1DPg,SURGE,SURGE,429207,7085042,727234
2026-04-22 14:16:04 UTC,ethereum,0xb9756216ce27e6f08931885cF90F1db81F8a6666,ASTRODOGE,ASTRODOGE,84117,717914,266598
2026-04-22 14:16:04 UTC,base,0x57eb1e40A161D133cB600537A290e486d1BDBE42,Stackr,Stackr,94084,161037,181182
2026-04-22 14:16:04 UTC,solana,AiNFufCfmKADdtq3cz2Xaj94EVWfKG1iHyyWZLFEbrrr,fsjal,fsjal,40642,169510,190721
2026-04-22 14:16:04 UTC,solana,3TYgKwkE2Y3rxdw9osLRSpxpXmSC1C1oo19W9KHspump,BULL,Bull,277913,5153874,1092169
2026-04-22 14:16:04 UTC,ethereum,0x8B96Ebd69Ef702dd3F8D90197915AbF8738aF0a7,SOY,SOYJAK,28342,124318,102973
2026-04-22 14:16:04 UTC,solana,9VimYprbUJDzkpnQb2VNpaZ8yXiipfdj2w1M14RGpump,MTGA,Make Tokabu Great Again,77526,723348,3114046
2026-04-22 14:16:04 UTC,solana,BR6CaZYnN7ZodDyqXY38VzsucrScyRMN3qszbPVApump,BRETT,Brett by Matt Furie,40631,224510,1364237
2026-04-22 14:16:04 UTC,solana,GomVkoQFG3H8YEmcDqP2Xkp7DN1mzWhMAU41ci3ypump,MPGA,Make Penguin Great Again,85781,944975,2391812
2026-04-22 14:16:04 UTC,solana,9wDk4whJZPmKrQMXa2Nx5uhsGki9df15rSgB3Hbjpump,PUMPSTER,Pumping Hamster,28234,118076,445618
2026-04-22 14:16:04 UTC,solana,HcbsqQC3sn2LMwbjVafiEd8nJ2ATZHH2wXH4xqV2pump,PEACE,Peace Frog,266307,7666317,2830204
2026-04-22 14:16:04 UTC,solana,AVpXhoX6PMkp3tT5VvSXs7jvQb16BoJTkpEracW4pump,POPE,Holy Pepe,32376,158099,337132
2026-04-22 14:16:04 UTC,ethereum,0x7C9F94a79b6B859dfB1d3312fc2311b39F89c677,somETHing,believe in somETHing,130388,1247830,174856
2026-04-22 14:16:04 UTC,solana,7udhnYmvHJFgRYGBeAioQNfzd95JtGTUjrRwNe8VCoG4,FOF,Federal Oil Fund,191087,5648642,1119907
2026-04-22 14:16:04 UTC,solana,nHtKdt67T4DHX5FfcXuwAviHEhJM552nrXmHW7xpump,ADHD,Millions Coded,45809,198504,603780
2026-04-22 14:16:04 UTC,solana,FFvp48WygUSxCCNP3n9Zu5G7F2yatwXQHbpD2Mkkpump,Skibidi,Skibidi Toilet,72804,492339,546783
2026-04-22 14:16:04 UTC,solana,4JBeo37fKhEsTXp6PtAYktYRnDAa8DcXZaZ4tTuPpump,TARDI,Tardi,39702,102321,2639575
2026-04-22 14:16:04 UTC,solana,CAjtTHvC878f8cZ4zEwdvgjkjFM7rbYN8Mb1go1cpump,DUMBMONEY,Dumb Money,125754,1160429,1615181
2026-04-22 14:16:04 UTC,solana,WTF69x41ZbgyxCCXi6qpyLyDZdPpv5yRSLpga8JQ5cR,WTF,Monkey Cat,66807,613439,993166
2026-04-22 14:16:04 UTC,solana,BFiGUxnidogqcZAPVPDZRCfhx3nXnFLYqpQUaUGpump,SPIKE,SPIKE ,360562,10841464,2311544
2026-04-22 14:16:04 UTC,solana,WCoRVxGcpiwE6EvtDjXHJq6Kcn4nWT9Ubt1PrJHNAzM,WCOR,World Collective Oil Reserve,220776,5710988,112129
2026-04-22 14:16:04 UTC,ethereum,0x45547AB0100f5E8b158258b6d94D7586De69fc21,MYSTERY,Mystery,174399,1982953,1521545
2026-04-22 14:16:04 UTC,base,0x311935Cd80B76769bF2ecC9D8Ab7635b2139cf82,SOL,Solana,375593,5156899,5661365
2026-04-22 14:16:04 UTC,solana,SooEj828BSjtgTecBRkqBJ4oquc713yyFZqbCawawoN,SOL,Solana,7050107,9403843,201269
2026-04-22 14:16:04 UTC,solana,sosd5Q3DutGxMEaukBDmkPgsapMQz59jNjGWmhYcdTQ,SOL,Solana,2466908,3293488,201230
2026-04-22 14:16:04 UTC,solana,sokhCSmzutMPPuNcxG1j6gYLowgiM8mswjJu8FBYm5r,SOL,Solana,901235,2310801,201230
2026-04-22 14:16:04 UTC,solana,7AEEdoP2zhMad1tkFNYyDnDB9Hjy7sb1LSB2KxAQr3EV,SOL,Solana,1221684,1277906,204915
2026-04-22 14:16:04 UTC,solana,3z2tRjNuQjoq6UDcw4zyEPD1Eb5KXMPYb4GWFzVT1DPg,SURGE,SURGE,431579,7109498,711884
2026-04-22 16:30:42 UTC,solana,2pFFgMtw7GkE6Kr6Xpg81mqDvEihhoafg64HdheKpump,uncraft,uncraft,80942,879686,1818522
2026-04-22 16:30:42 UTC,solana,Bgky9ryPiRawvcWH6kS8wTfdeQgvhgxsKT6Duq92pump,BOY,The Boy With The Book,32796,165122,311838
2026-04-22 16:30:42 UTC,base,0x65e05bA256933EB7FE70774FBa785bAd666DdA45,FALKEN,Falken Protocol,71830,280162,272830
2026-04-22 16:30:42 UTC,ethereum,0xDB0238975Ce84f89212FFA56C64C0f2b47F8f153,Flork,HeyFlork,49847,103017,563685
2026-04-22 16:30:42 UTC,solana,8NyVxPnjMsgiy8Xb7pdryQQBFDP1WMVXzkHVrAS7brrr,NOOB,NOOB,469088,5180813,2158889
2026-04-22 16:30:42 UTC,solana,GomVkoQFG3H8YEmcDqP2Xkp7DN1mzWhMAU41ci3ypump,MPGA,Make Penguin Great Again,144596,2534200,4459370
2026-04-22 16:30:42 UTC,ethereum,0xb9756216ce27e6f08931885cF90F1db81F8a6666,ASTRODOGE,ASTRODOGE,96549,946077,403453
2026-04-22 16:30:42 UTC,ethereum,0x353BfB7541aE8c3e6498F507Bc7C2258B59A97fa,SNOOPY,SNOOPY,42779,225414,449675
2026-04-22 16:30:42 UTC,ethereum,0x6F0066f9Df5abf780CfC69Ebe50b71Fc4cdB08B0,DANKDOGE,DANK DOGE,106843,786677,6475495
2026-04-22 16:30:42 UTC,solana,9VimYprbUJDzkpnQb2VNpaZ8yXiipfdj2w1M14RGpump,MTGA,Make Tokabu Great Again,97974,1047344,5398875
2026-04-22 16:30:42 UTC,solana,nHtKdt67T4DHX5FfcXuwAviHEhJM552nrXmHW7xpump,ADHD,Millions Coded,48552,224631,656547
2026-04-22 16:30:42 UTC,solana,FFvp48WygUSxCCNP3n9Zu5G7F2yatwXQHbpD2Mkkpump,Skibidi,Skibidi Toilet,69881,460126,549392
2026-04-22 16:30:42 UTC,solana,4JBeo37fKhEsTXp6PtAYktYRnDAa8DcXZaZ4tTuPpump,TARDI,Tardi,40146,103026,2944794
2026-04-22 16:30:42 UTC,solana,CAjtTHvC878f8cZ4zEwdvgjkjFM7rbYN8Mb1go1cpump,DUMBMONEY,Dumb Money,108712,868080,1876379
2026-04-22 16:30:42 UTC,solana,3TYgKwkE2Y3rxdw9osLRSpxpXmSC1C1oo19W9KHspump,BULL,Bull,255383,4407794,1117853
2026-04-22 16:30:42 UTC,solana,WTF69x41ZbgyxCCXi6qpyLyDZdPpv5yRSLpga8JQ5cR,WTF,Monkey Cat,73726,752384,1006917
2026-04-22 16:30:42 UTC,solana,BFiGUxnidogqcZAPVPDZRCfhx3nXnFLYqpQUaUGpump,SPIKE,SPIKE ,353135,10539441,2299834
2026-04-22 16:30:42 UTC,solana,WCoRVxGcpiwE6EvtDjXHJq6Kcn4nWT9Ubt1PrJHNAzM,WCOR,World Collective Oil Reserve,224820,5922090,150188
2026-04-22 16:30:42 UTC,ethereum,0x45547AB0100f5E8b158258b6d94D7586De69fc21,MYSTERY,Mystery,165359,1799905,1569751
2026-04-22 16:30:42 UTC,base,0x311935Cd80B76769bF2ecC9D8Ab7635b2139cf82,SOL,Solana,972785,5095099,5338479
2026-04-22 16:30:42 UTC,solana,SooEj828BSjtgTecBRkqBJ4oquc713yyFZqbCawawoN,SOL,Solana,7050109,9403843,204962
2026-04-22 16:30:42 UTC,solana,sosd5Q3DutGxMEaukBDmkPgsapMQz59jNjGWmhYcdTQ,SOL,Solana,2466911,3293489,204925
2026-04-22 16:30:42 UTC,solana,sokhCSmzutMPPuNcxG1j6gYLowgiM8mswjJu8FBYm5r,SOL,Solana,901238,2310802,204925
2026-04-22 16:30:42 UTC,solana,7AEEdoP2zhMad1tkFNYyDnDB9Hjy7sb1LSB2KxAQr3EV,SOL,Solana,1221684,1277906,204915
2026-04-22 16:30:42 UTC,solana,3z2tRjNuQjoq6UDcw4zyEPD1Eb5KXMPYb4GWFzVT1DPg,SURGE,SURGE,423620,6950534,690000
2026-04-22 17:58:45 UTC,solana,G6mNZN8o16QBcTqfuEx6FzjiWa94B1XWhfyDxjDibrrr,ooo,Flat Eric,142026,1453939,1574329
2026-04-22 17:58:45 UTC,ethereum,0xC7e4254a72169fdf7a2E080462724f2F642dAF7e,ELIEN,Elien Musk,57571,371860,177663
2026-04-22 17:58:45 UTC,solana,58FgCJenaF7jCko8bqndTpSvCtccuNHBhr36zzBpump,MHSA,Make Hormuz Safe Again,27012,112619,256567
2026-04-22 17:58:45 UTC,ethereum,0x3009B6833f8925b7985C2408c49160dD1aB317CA,RIZO,Haha Yes Hedgehog,40332,190918,191676
2026-04-22 17:58:45 UTC,solana,7udhnYmvHJFgRYGBeAioQNfzd95JtGTUjrRwNe8VCoG4,FOF,Federal Oil Fund,192319,5731597,1138084
2026-04-22 17:58:45 UTC,solana,2pFFgMtw7GkE6Kr6Xpg81mqDvEihhoafg64HdheKpump,uncraft,uncraft,109764,1517238,3236779
2026-04-22 17:58:45 UTC,base,0x65e05bA256933EB7FE70774FBa785bAd666DdA45,FALKEN,Falken Protocol,72840,290367,182401
2026-04-22 17:58:45 UTC,solana,8NyVxPnjMsgiy8Xb7pdryQQBFDP1WMVXzkHVrAS7brrr,NOOB,NOOB,405708,3827927,2318646
2026-04-22 17:58:45 UTC,solana,9VimYprbUJDzkpnQb2VNpaZ8yXiipfdj2w1M14RGpump,MTGA,Make Tokabu Great Again,164029,2765246,7269932
2026-04-22 17:58:45 UTC,solana,BR6CaZYnN7ZodDyqXY38VzsucrScyRMN3qszbPVApump,BRETT,Brett by Matt Furie,31960,132424,1861787
2026-04-22 17:58:45 UTC,solana,nHtKdt67T4DHX5FfcXuwAviHEhJM552nrXmHW7xpump,ADHD,Millions Coded,44650,188884,649568
2026-04-22 17:58:45 UTC,solana,Gaqt6hKqBSRga8pfJ43CfTbc9ZGw8ostPnjytfbNpump,JINDO,JINDOGE,113302,1912552,109600
2026-04-22 17:58:45 UTC,solana,GomVkoQFG3H8YEmcDqP2Xkp7DN1mzWhMAU41ci3ypump,MPGA,Make Penguin Great Again,68389,538926,5697804
2026-04-22 17:58:45 UTC,solana,FFvp48WygUSxCCNP3n9Zu5G7F2yatwXQHbpD2Mkkpump,Skibidi,Skibidi Toilet,71204,476993,528775
2026-04-22 17:58:45 UTC,solana,CAjtTHvC878f8cZ4zEwdvgjkjFM7rbYN8Mb1go1cpump,DUMBMONEY,Dumb Money,96990,687720,1866398
2026-04-22 17:58:45 UTC,solana,3TYgKwkE2Y3rxdw9osLRSpxpXmSC1C1oo19W9KHspump,BULL,Bull,257696,4475861,1150214
2026-04-22 17:58:45 UTC,solana,WTF69x41ZbgyxCCXi6qpyLyDZdPpv5yRSLpga8JQ5cR,WTF,Monkey Cat,70779,688456,1023108
2026-04-22 17:58:45 UTC,solana,BFiGUxnidogqcZAPVPDZRCfhx3nXnFLYqpQUaUGpump,SPIKE,SPIKE ,371114,11612418,2302539
2026-04-22 17:58:45 UTC,solana,WCoRVxGcpiwE6EvtDjXHJq6Kcn4nWT9Ubt1PrJHNAzM,WCOR,World Collective Oil Reserve,224669,5914165,176155
2026-04-22 17:58:45 UTC,ethereum,0x45547AB0100f5E8b158258b6d94D7586De69fc21,MYSTERY,Mystery,161262,1704228,1612614
2026-04-22 17:58:45 UTC,ethereum,0x80eD012ef8dcd8e3A347D9034487AeBd991bfDA5,GIGA,Gigachad,52543,378967,105339
2026-04-22 17:58:45 UTC,base,0x311935Cd80B76769bF2ecC9D8Ab7635b2139cf82,SOL,Solana,376110,5090821,5216822
2026-04-22 17:58:45 UTC,solana,SooEj828BSjtgTecBRkqBJ4oquc713yyFZqbCawawoN,SOL,Solana,7050109,9403843,204962
2026-04-22 17:58:45 UTC,solana,sosd5Q3DutGxMEaukBDmkPgsapMQz59jNjGWmhYcdTQ,SOL,Solana,2466914,3293490,207387
2026-04-22 17:58:45 UTC,solana,sokhCSmzutMPPuNcxG1j6gYLowgiM8mswjJu8FBYm5r,SOL,Solana,901238,2310802,204925
2026-04-22 17:58:45 UTC,solana,7AEEdoP2zhMad1tkFNYyDnDB9Hjy7sb1LSB2KxAQr3EV,SOL,Solana,1221687,1277907,207377
2026-04-22 17:58:45 UTC,solana,3z2tRjNuQjoq6UDcw4zyEPD1Eb5KXMPYb4GWFzVT1DPg,SURGE,SURGE,423445,6935610,679928
2026-04-22 19:03:58 UTC,ethereum,0x9D5d407963C65304C642209BB5D059f346d0Ce25,MILK,Holy Cow,54188,149198,211553
2026-04-22 19:03:58 UTC,solana,F3gH6PErFaeNCsirJZ5BUdQKzNiWvKVW3CkBHjompump,papi,papi,34298,172707,773370
2026-04-22 19:03:58 UTC,bsc,0x4444A38e17db2f119562CF9254fB20c6E7811C0d,α,Alpha Coin,108585,410563,2942626
2026-04-22 19:03:58 UTC,solana,Bt56ZDabcULAsS1ZsgzkDoDfZhTY7AYvHPrfJ2nabrrr,NUMBER,Number,55604,551996,2275809
2026-04-22 19:03:58 UTC,solana,32CdQdBUxbCsLy5AUHWmyidfwhgGUr9N573NBUrDpump,maxxing,maxxing,208693,2048731,327133
2026-04-22 19:03:58 UTC,solana,G6mNZN8o16QBcTqfuEx6FzjiWa94B1XWhfyDxjDibrrr,ooo,Flat Eric,136294,1336279,2148413
2026-04-22 19:03:58 UTC,ethereum,0xC7e4254a72169fdf7a2E080462724f2F642dAF7e,ELIEN,Elien Musk,54749,333778,280585
2026-04-22 19:03:58 UTC,ethereum,0x3009B6833f8925b7985C2408c49160dD1aB317CA,RIZO,Haha Yes Hedgehog,37473,165335,176697
2026-04-22 19:03:58 UTC,solana,58FgCJenaF7jCko8bqndTpSvCtccuNHBhr36zzBpump,MHSA,Make Hormuz Safe Again,27027,109007,475580
2026-04-22 19:03:58 UTC,solana,7udhnYmvHJFgRYGBeAioQNfzd95JtGTUjrRwNe8VCoG4,FOF,Federal Oil Fund,192047,5715368,1136473
2026-04-22 19:03:58 UTC,solana,2pFFgMtw7GkE6Kr6Xpg81mqDvEihhoafg64HdheKpump,uncraft,uncraft,103978,1307928,4174243
2026-04-22 19:03:58 UTC,base,0x65e05bA256933EB7FE70774FBa785bAd666DdA45,FALKEN,Falken Protocol,65374,245487,160434
2026-04-22 19:03:58 UTC,solana,9VimYprbUJDzkpnQb2VNpaZ8yXiipfdj2w1M14RGpump,MTGA,Make Tokabu Great Again,198400,3880301,8789082
2026-04-22 19:03:58 UTC,solana,nHtKdt67T4DHX5FfcXuwAviHEhJM552nrXmHW7xpump,ADHD,Millions Coded,39010,143315,641846
2026-04-22 19:03:58 UTC,solana,8NyVxPnjMsgiy8Xb7pdryQQBFDP1WMVXzkHVrAS7brrr,NOOB,NOOB,421493,4168623,2367657
2026-04-22 19:03:58 UTC,solana,Gaqt6hKqBSRga8pfJ43CfTbc9ZGw8ostPnjytfbNpump,JINDO,JINDOGE,96891,1394115,123002
2026-04-22 19:03:58 UTC,solana,CAjtTHvC878f8cZ4zEwdvgjkjFM7rbYN8Mb1go1cpump,DUMBMONEY,Dumb Money,103459,778650,1852667
2026-04-22 19:03:58 UTC,solana,3TYgKwkE2Y3rxdw9osLRSpxpXmSC1C1oo19W9KHspump,BULL,Bull,254028,4335744,1142099
2026-04-22 19:03:58 UTC,solana,WTF69x41ZbgyxCCXi6qpyLyDZdPpv5yRSLpga8JQ5cR,WTF,Monkey Cat,69420,652533,1155801
2026-04-22 19:03:58 UTC,solana,FFvp48WygUSxCCNP3n9Zu5G7F2yatwXQHbpD2Mkkpump,Skibidi,Skibidi Toilet,78002,568999,554387
2026-04-22 19:03:58 UTC,solana,BFiGUxnidogqcZAPVPDZRCfhx3nXnFLYqpQUaUGpump,SPIKE,SPIKE ,353756,10509710,2328000
2026-04-22 19:03:58 UTC,solana,WCoRVxGcpiwE6EvtDjXHJq6Kcn4nWT9Ubt1PrJHNAzM,WCOR,World Collective Oil Reserve,225030,5917403,192578
2026-04-22 19:03:58 UTC,ethereum,0x45547AB0100f5E8b158258b6d94D7586De69fc21,MYSTERY,Mystery,155989,1599527,1627755
2026-04-22 19:03:58 UTC,base,0x311935Cd80B76769bF2ecC9D8Ab7635b2139cf82,SOL,Solana,998307,5078990,5225332
2026-04-22 19:03:58 UTC,solana,SooEj828BSjtgTecBRkqBJ4oquc713yyFZqbCawawoN,SOL,Solana,7050112,9403843,207424
2026-04-22 19:03:58 UTC,solana,sosd5Q3DutGxMEaukBDmkPgsapMQz59jNjGWmhYcdTQ,SOL,Solana,2466914,3293490,207387
2026-04-22 19:03:58 UTC,solana,sokhCSmzutMPPuNcxG1j6gYLowgiM8mswjJu8FBYm5r,SOL,Solana,901242,2310804,207387
2026-04-22 19:03:58 UTC,solana,7AEEdoP2zhMad1tkFNYyDnDB9Hjy7sb1LSB2KxAQr3EV,SOL,Solana,1221687,1277907,207377
2026-04-22 19:03:58 UTC,solana,3z2tRjNuQjoq6UDcw4zyEPD1Eb5KXMPYb4GWFzVT1DPg,SURGE,SURGE,418265,6747415,687349
2026-04-23 01:58:05 UTC,solana,35jppGPNXVVNvEkGhB2Pw3PhnLHK75Zxme6L9uqFpump,RISE,Rise NASA,31067,151943,269511
2026-04-23 01:58:05 UTC,solana,8wiK5otr25uY5htJn9wNURnA5muh7yuoyHG34SAfpump,420,420,42184,274393,637053
2026-04-23 01:58:05 UTC,solana,5HrSQ2F679YsKpYwmZDDxhVD9kbPNyn6UV3QPDbjbrrr,SAFEMOON,Safemoon,40635,165134,122326
2026-04-23 01:58:05 UTC,solana,7WRX5QGuRLhGCJszpQjYmw6ihb6z8KRdAEHQUhGJpump,SAM,Self-Aware Meme,79265,884795,1932672
2026-04-23 01:58:05 UTC,ethereum,0x3009B6833f8925b7985C2408c49160dD1aB317CA,RIZO,Haha Yes Hedgehog,43537,223964,147078
2026-04-23 01:58:05 UTC,solana,Ai5miuSWAhMzi2bWAAkSVrAUi8oG3xRX1n24CYgpump,AlienPippin,AlienPippin,30186,132275,774984
2026-04-23 01:58:05 UTC,solana,3TYgKwkE2Y3rxdw9osLRSpxpXmSC1C1oo19W9KHspump,BULL,Bull,244527,4073858,1103091
2026-04-23 01:58:05 UTC,solana,4JBeo37fKhEsTXp6PtAYktYRnDAa8DcXZaZ4tTuPpump,TARDI,Tardi,47004,123114,3630789
2026-04-23 01:58:05 UTC,solana,B82yjD7yiWS5BkKRNmfLABdYNma3vxz18L4sAkhxpump,XERO,XERO,43546,244719,229884
2026-04-23 01:58:05 UTC,solana,2pFFgMtw7GkE6Kr6Xpg81mqDvEihhoafg64HdheKpump,uncraft,uncraft,171418,2848492,14209556
2026-04-23 01:58:05 UTC,solana,7udhnYmvHJFgRYGBeAioQNfzd95JtGTUjrRwNe8VCoG4,FOF,Federal Oil Fund,202049,6296456,1141110
2026-04-23 01:58:05 UTC,solana,8NyVxPnjMsgiy8Xb7pdryQQBFDP1WMVXzkHVrAS7brrr,NOOB,NOOB,348471,2905967,2558407
2026-04-23 01:58:05 UTC,solana,Gaqt6hKqBSRga8pfJ43CfTbc9ZGw8ostPnjytfbNpump,JINDO,JINDOGE,106642,1720310,141011
2026-04-23 01:58:05 UTC,solana,HtHknhf3sFPMnEyz8EszVvjGs4pU8fFZXuqTN5C5pump,LARP,Larpcoin,81950,934734,2553009
2026-04-23 01:58:05 UTC,solana,CAjtTHvC878f8cZ4zEwdvgjkjFM7rbYN8Mb1go1cpump,DUMBMONEY,Dumb Money,118506,1025081,1896114
2026-04-23 01:58:05 UTC,solana,WTF69x41ZbgyxCCXi6qpyLyDZdPpv5yRSLpga8JQ5cR,WTF,Monkey Cat,48234,309765,1571102
2026-04-23 01:58:05 UTC,solana,FFvp48WygUSxCCNP3n9Zu5G7F2yatwXQHbpD2Mkkpump,Skibidi,Skibidi Toilet,66095,411646,754817
2026-04-23 01:58:05 UTC,solana,BFiGUxnidogqcZAPVPDZRCfhx3nXnFLYqpQUaUGpump,SPIKE,SPIKE ,351862,10538023,1888454
2026-04-23 01:58:05 UTC,ethereum,0xC7e4254a72169fdf7a2E080462724f2F642dAF7e,ELIEN,Elien Musk,61075,406380,570514
2026-04-23 01:58:05 UTC,base,0x311935Cd80B76769bF2ecC9D8Ab7635b2139cf82,SOL,Solana,724695,4999939,4703402
2026-04-23 01:58:05 UTC,solana,sosd5Q3DutGxMEaukBDmkPgsapMQz59jNjGWmhYcdTQ,SOL,Solana,2466918,3293488,209109
2026-04-23 01:58:05 UTC,solana,sokhCSmzutMPPuNcxG1j6gYLowgiM8mswjJu8FBYm5r,SOL,Solana,901245,2310801,209109
2026-04-23 01:58:05 UTC,solana,7AEEdoP2zhMad1tkFNYyDnDB9Hjy7sb1LSB2KxAQr3EV,SOL,Solana,1221694,1277908,214764
2026-04-23 01:58:05 UTC,solana,SooEj828BSjtgTecBRkqBJ4oquc713yyFZqbCawawoN,SOL,Solana,7050117,9403843,209146
2026-04-23 01:58:05 UTC,solana,3z2tRjNuQjoq6UDcw4zyEPD1Eb5KXMPYb4GWFzVT1DPg,SURGE,SURGE,411140,6641622,513565
2026-04-23 07:26:01 UTC,ethereum,0x99DDD29c3F1FB19294f532f23f38a3ce6EF56670,PENGU,Pengu Legacy,66040,1110013,1967393
2026-04-23 07:26:01 UTC,solana,DjeySbHejoCNeioatVDFEF5WKj86RRzvGAoVDp9Xpump,FLORKINU,Flork Inu,27273,110288,758095
2026-04-23 07:26:01 UTC,ethereum,0xD8E163967FED76806Df0097B704bA721B9b37656,COPE,Cope,103608,239520,610905
2026-04-23 07:26:01 UTC,ethereum,0x2e0Bd1F00B88134758DF4c361b25e7b44AD47219,SOCK,SOCK,60879,404155,1963894
2026-04-23 07:26:01 UTC,solana,GEr3mpSoqQiQsxYKUH8GZqyMConyJSNz3uVRL9bmpump,$ASTR,Asteroid,32153,116143,108842
2026-04-23 07:26:01 UTC,solana,CAjtTHvC878f8cZ4zEwdvgjkjFM7rbYN8Mb1go1cpump,DUMBMONEY,Dumb Money,103287,778911,1650533
2026-04-23 07:26:01 UTC,solana,3E7nd9oom8Wdvc6jdHWRSLhpZ6kymd8oYXT5zaU2pump,M2M,Mark-2-Marquette,205409,1341863,292820
2026-04-23 07:26:01 UTC,solana,7WRX5QGuRLhGCJszpQjYmw6ihb6z8KRdAEHQUhGJpump,SAM,Self-Aware Meme,86112,839571,6345620
2026-04-23 07:26:01 UTC,ethereum,0x3009B6833f8925b7985C2408c49160dD1aB317CA,RIZO,Haha Yes Hedgehog,38269,173880,124945
2026-04-23 07:26:01 UTC,solana,3TYgKwkE2Y3rxdw9osLRSpxpXmSC1C1oo19W9KHspump,BULL,Bull,251674,4322835,1066011
2026-04-23 07:26:01 UTC,solana,2pFFgMtw7GkE6Kr6Xpg81mqDvEihhoafg64HdheKpump,uncraft,uncraft,197308,3581207,16890636
2026-04-23 07:26:01 UTC,solana,7udhnYmvHJFgRYGBeAioQNfzd95JtGTUjrRwNe8VCoG4,FOF,Federal Oil Fund,204655,6448787,1067894
2026-04-23 07:26:01 UTC,solana,8NyVxPnjMsgiy8Xb7pdryQQBFDP1WMVXzkHVrAS7brrr,NOOB,NOOB,329712,2616215,2599579
2026-04-23 07:26:01 UTC,solana,Gaqt6hKqBSRga8pfJ43CfTbc9ZGw8ostPnjytfbNpump,JINDO,JINDOGE,103509,1627926,149021
2026-04-23 07:26:01 UTC,solana,HtHknhf3sFPMnEyz8EszVvjGs4pU8fFZXuqTN5C5pump,LARP,Larpcoin,86310,1033540,2748372
2026-04-23 07:26:01 UTC,solana,4JBeo37fKhEsTXp6PtAYktYRnDAa8DcXZaZ4tTuPpump,TARDI,Tardi,49700,129399,3760479
2026-04-23 07:26:01 UTC,ethereum,0xC7e4254a72169fdf7a2E080462724f2F642dAF7e,ELIEN,Elien Musk,63820,448639,653704
2026-04-23 07:26:01 UTC,ethereum,0x80eD012ef8dcd8e3A347D9034487AeBd991bfDA5,GIGA,Gigachad,46958,306247,109430
2026-04-23 07:26:01 UTC,base,0x311935Cd80B76769bF2ecC9D8Ab7635b2139cf82,SOL,Solana,395721,4983911,5046924
2026-04-23 07:26:01 UTC,solana,sokhCSmzutMPPuNcxG1j6gYLowgiM8mswjJu8FBYm5r,SOL,Solana,901251,2310803,205371
2026-04-23 07:26:01 UTC,solana,SooEj828BSjtgTecBRkqBJ4oquc713yyFZqbCawawoN,SOL,Solana,7050122,9403844,205372
2026-04-23 07:26:01 UTC,solana,sosd5Q3DutGxMEaukBDmkPgsapMQz59jNjGWmhYcdTQ,SOL,Solana,2466923,3293489,205372
2026-04-23 07:26:01 UTC,solana,7AEEdoP2zhMad1tkFNYyDnDB9Hjy7sb1LSB2KxAQr3EV,SOL,Solana,1221699,1277909,211026
2026-04-23 07:26:01 UTC,base,0x05aF032eE3c70094e03EB02ADBB91B44eE4638c2,BASE,Base AI,49363,393683,137524
2026-04-23 07:26:01 UTC,solana,3z2tRjNuQjoq6UDcw4zyEPD1Eb5KXMPYb4GWFzVT1DPg,SURGE,SURGE,406034,6507595,454026
2026-04-23 13:09:00 UTC,solana,3C18xbHkhZA7CiRTXwF1NaDUXqUFujf8vzd8Qq4Epump,NAMI,Thief Cat,40230,255264,329696
2026-04-23 13:09:00 UTC,base,0x55ffF45c3646ee30d79dB7Ac425FA593D16c26b1,PRIVA,Privacy Cash,99294,179735,242033
2026-04-23 13:09:00 UTC,solana,DkyrD3c9TdF1fZNGX5wPUqzoxqPpQbXXKP9Z6Zwrpump,ELONMARS,Elon Mars Mission,27105,114536,315690
2026-04-23 13:09:00 UTC,solana,Bs4QR1nQMc6s5XL93RL9wuDCV5vKAtFbtA4KVT2pump,ANON,The Internet Renaissance,42516,262350,1093690
2026-04-23 13:09:00 UTC,ethereum,0xb60Fde5D798236fBF1e2697B2A0645380921FccF,STONK,STONK,87303,138607,232124
2026-04-23 13:09:00 UTC,ethereum,0x3E29e96383e553Bf8dcf1f5D20B207E1E6771eCd,SOCK,SOCK,37155,236552,392211
2026-04-23 13:09:00 UTC,solana,DRrcvcWHUNJqRj81LHVKC1wzLiRxyncq7ctiLrfYpump,POLYWOG,Polywog,39765,234820,140393
2026-04-23 13:09:00 UTC,solana,39wdfMMS7KEhWyF2CZRVDEqycAUu3TXsaQvpXnY9pump,MOVING,The Walker’s Creed,26812,115452,105573
2026-04-23 13:09:00 UTC,ethereum,0xD13110d592dC7848FBF6dD32177f1cC9cc3Eb4Fc,lol,lol,31299,119539,233129
2026-04-23 13:09:00 UTC,solana,3TYgKwkE2Y3rxdw9osLRSpxpXmSC1C1oo19W9KHspump,BULL,Bull,248851,4218950,1038268
2026-04-23 13:09:00 UTC,solana,2pFFgMtw7GkE6Kr6Xpg81mqDvEihhoafg64HdheKpump,uncraft,uncraft,292390,6973975,22232876
2026-04-23 13:09:00 UTC,solana,7udhnYmvHJFgRYGBeAioQNfzd95JtGTUjrRwNe8VCoG4,FOF,Federal Oil Fund,212072,6793875,1194286
2026-04-23 13:09:00 UTC,solana,8NyVxPnjMsgiy8Xb7pdryQQBFDP1WMVXzkHVrAS7brrr,NOOB,NOOB,294529,2088630,2654924
2026-04-23 13:09:00 UTC,solana,Ca5k6vEMSff3Kk2fcnWgRAPP6AMC2PBvre72CgEYpump,FROGDOG,FROGDOG,25924,101591,472857
2026-04-23 13:09:00 UTC,solana,CAjtTHvC878f8cZ4zEwdvgjkjFM7rbYN8Mb1go1cpump,DUMBMONEY,Dumb Money,105887,815460,1391370
2026-04-23 13:09:00 UTC,solana,HtHknhf3sFPMnEyz8EszVvjGs4pU8fFZXuqTN5C5pump,LARP,Larpcoin,95526,1254504,2965288
2026-04-23 13:09:00 UTC,ethereum,0xC7e4254a72169fdf7a2E080462724f2F642dAF7e,ELIEN,Elien Musk,110677,1310628,1235016
2026-04-23 13:09:00 UTC,solana,Gaqt6hKqBSRga8pfJ43CfTbc9ZGw8ostPnjytfbNpump,JINDO,JINDOGE,92833,1308817,153734
2026-04-23 13:09:00 UTC,ethereum,0x45547AB0100f5E8b158258b6d94D7586De69fc21,MYSTERY,Mystery,157031,1636834,716310
2026-04-23 13:09:00 UTC,ethereum,0x3009B6833f8925b7985C2408c49160dD1aB317CA,RIZO,Haha Yes Hedgehog,34549,142338,126874
2026-04-23 13:09:00 UTC,ethereum,0x80eD012ef8dcd8e3A347D9034487AeBd991bfDA5,GIGA,Gigachad,36865,191599,111270
2026-04-23 13:09:00 UTC,base,0x311935Cd80B76769bF2ecC9D8Ab7635b2139cf82,SOL,Solana,854396,5964487,3074616
2026-04-23 13:09:00 UTC,solana,7AEEdoP2zhMad1tkFNYyDnDB9Hjy7sb1LSB2KxAQr3EV,SOL,Solana,1221705,1277910,205273
2026-04-23 13:09:00 UTC,solana,sosd5Q3DutGxMEaukBDmkPgsapMQz59jNjGWmhYcdTQ,SOL,Solana,2466928,3293488,199617
2026-04-23 13:09:00 UTC,solana,sokhCSmzutMPPuNcxG1j6gYLowgiM8mswjJu8FBYm5r,SOL,Solana,901255,2310801,199623
2026-04-23 13:09:00 UTC,solana,SooEj828BSjtgTecBRkqBJ4oquc713yyFZqbCawawoN,SOL,Solana,7050127,9403843,199624
2026-04-23 13:09:00 UTC,solana,3z2tRjNuQjoq6UDcw4zyEPD1Eb5KXMPYb4GWFzVT1DPg,SURGE,SURGE,408302,6575859,438100
2026-04-23 18:35:01 UTC,solana,6GdYR2J1FHmSGfUoqopjRD5rGNJug1J5PzDBTRzZX5gU,WIFE,Wife Changing Money,54699,453881,1025666
2026-04-23 18:35:01 UTC,solana,3GGfDHES1oyYGQsEMeiLfkfPsdVRYRphRSPXTQsvpump,BLOB,Blob,36295,211368,278289
2026-04-23 18:35:01 UTC,solana,CcLd8HTAKLWtQHatqPwBQjtuCA72FNB9E1ckRTEzpump,ALTSZN,ALTSEASON,140534,3035643,330377
2026-04-23 18:35:01 UTC,solana,AAepb9S6gak4VbrAApPqZPBjquosWjbyyqpaUofvpump,POSTER,ChatGPT Images 2.0,32418,152351,854679
2026-04-23 18:35:01 UTC,solana,Eh9xdfR9uxCjoyY85m3caC2K3MEEuSGNBXaCYpoEpump,Untweeney,Unt Sweeney,26307,105306,533931
2026-04-23 18:35:01 UTC,solana,2pFFgMtw7GkE6Kr6Xpg81mqDvEihhoafg64HdheKpump,uncraft,uncraft,181877,2457483,24615483
2026-04-23 18:35:01 UTC,solana,Hc2CZzfiuBuSjTg6mpUByHVryy5e4yu8L7L4vtppump,Rudi,AI Coach Rudi,52162,262335,111324
2026-04-23 18:35:01 UTC,solana,3TYgKwkE2Y3rxdw9osLRSpxpXmSC1C1oo19W9KHspump,BULL,Bull,228422,3577453,859794
2026-04-23 18:35:01 UTC,solana,Ai5miuSWAhMzi2bWAAkSVrAUi8oG3xRX1n24CYgpump,AlienPippin,AlienPippin,36537,180599,1179118
2026-04-23 18:35:01 UTC,ethereum,0x3009B6833f8925b7985C2408c49160dD1aB317CA,RIZO,Haha Yes Hedgehog,31756,120932,103237
2026-04-23 18:35:01 UTC,solana,HtHknhf3sFPMnEyz8EszVvjGs4pU8fFZXuqTN5C5pump,LARP,Larpcoin,104625,1492980,3372490
2026-04-23 18:35:01 UTC,solana,CAjtTHvC878f8cZ4zEwdvgjkjFM7rbYN8Mb1go1cpump,DUMBMONEY,Dumb Money,119526,1040249,994848
2026-04-23 18:35:01 UTC,solana,Ai9HeYDrjpJtrjpHfDwVXfVoCR5ja9Cmt9cHGg2kpump,ALIENPEPE,Alien Pepe,30487,126397,462471
2026-04-23 18:35:01 UTC,ethereum,0x45547AB0100f5E8b158258b6d94D7586De69fc21,MYSTERY,Mystery,160762,1722294,660388
2026-04-23 18:35:01 UTC,solana,8XLobbxncGMuaNiSZ2eymJW73RHihfC7gwkW8kuvpump,CULT,MEMECOIN CULT,27126,102421,1381072
2026-04-23 18:35:01 UTC,base,0x311935Cd80B76769bF2ecC9D8Ab7635b2139cf82,SOL,Solana,617599,5933387,2652390
2026-04-23 18:35:01 UTC,solana,7AEEdoP2zhMad1tkFNYyDnDB9Hjy7sb1LSB2KxAQr3EV,SOL,Solana,1221712,1277911,207283
2026-04-23 18:35:01 UTC,solana,sosd5Q3DutGxMEaukBDmkPgsapMQz59jNjGWmhYcdTQ,SOL,Solana,2466934,3293490,201627
2026-04-23 18:35:01 UTC,solana,SooEj828BSjtgTecBRkqBJ4oquc713yyFZqbCawawoN,SOL,Solana,7050133,9403844,201626
2026-04-23 18:35:01 UTC,solana,sokhCSmzutMPPuNcxG1j6gYLowgiM8mswjJu8FBYm5r,SOL,Solana,901262,2310804,201627
2026-04-23 18:35:01 UTC,solana,3z2tRjNuQjoq6UDcw4zyEPD1Eb5KXMPYb4GWFzVT1DPg,SURGE,SURGE,401476,6407928,386613
2026-04-23 18:35:01 UTC,solana,HmBdm8vbisABUjkxms6ZUnoaXbfwFM6ymxShWfAENaoi,EITHER,Eitherway,266455,9894061,2727529
2026-04-23 18:59:21 UTC,solana,4AMw5Rb14KLe8L9jSXMJpDX5q8dy9rFqh7W8b1tubrrr,CMYK,CMYK,36108,229776,122863
2026-04-23 18:59:21 UTC,solana,3GGfDHES1oyYGQsEMeiLfkfPsdVRYRphRSPXTQsvpump,BLOB,Blob,34360,188775,286303
2026-04-23 18:59:21 UTC,solana,CcLd8HTAKLWtQHatqPwBQjtuCA72FNB9E1ckRTEzpump,ALTSZN,ALTSEASON,140073,3006086,351342
2026-04-23 18:59:21 UTC,solana,6GdYR2J1FHmSGfUoqopjRD5rGNJug1J5PzDBTRzZX5gU,WIFE,Wife Changing Money,53231,426664,1093956
2026-04-23 18:59:21 UTC,solana,AAepb9S6gak4VbrAApPqZPBjquosWjbyyqpaUofvpump,POSTER,ChatGPT Images 2.0,29923,129131,875302
2026-04-23 18:59:21 UTC,solana,Eh9xdfR9uxCjoyY85m3caC2K3MEEuSGNBXaCYpoEpump,Untweeney,Unt Sweeney,26323,103704,629894
2026-04-23 18:59:21 UTC,solana,2pFFgMtw7GkE6Kr6Xpg81mqDvEihhoafg64HdheKpump,uncraft,uncraft,178544,2334396,24788418
2026-04-23 18:59:21 UTC,solana,3TYgKwkE2Y3rxdw9osLRSpxpXmSC1C1oo19W9KHspump,BULL,Bull,227573,3541416,855998
2026-04-23 18:59:21 UTC,solana,Ai5miuSWAhMzi2bWAAkSVrAUi8oG3xRX1n24CYgpump,AlienPippin,AlienPippin,37307,187150,1211168
2026-04-23 18:59:21 UTC,ethereum,0x3009B6833f8925b7985C2408c49160dD1aB317CA,RIZO,Haha Yes Hedgehog,32172,124018,103576
2026-04-23 18:59:21 UTC,solana,HtHknhf3sFPMnEyz8EszVvjGs4pU8fFZXuqTN5C5pump,LARP,Larpcoin,105143,1502415,3398959
2026-04-23 18:59:21 UTC,solana,CAjtTHvC878f8cZ4zEwdvgjkjFM7rbYN8Mb1go1cpump,DUMBMONEY,Dumb Money,122693,1093034,980873
2026-04-23 18:59:21 UTC,ethereum,0x45547AB0100f5E8b158258b6d94D7586De69fc21,MYSTERY,Mystery,160868,1726216,651361
2026-04-23 18:59:21 UTC,solana,Hc2CZzfiuBuSjTg6mpUByHVryy5e4yu8L7L4vtppump,Rudi,AI Coach Rudi,53407,274275,112346
2026-04-23 18:59:21 UTC,solana,8XLobbxncGMuaNiSZ2eymJW73RHihfC7gwkW8kuvpump,CULT,MEMECOIN CULT,29379,119703,1388047
2026-04-23 18:59:21 UTC,base,0x311935Cd80B76769bF2ecC9D8Ab7635b2139cf82,SOL,Solana,335539,5932312,4481079
2026-04-23 18:59:21 UTC,solana,7AEEdoP2zhMad1tkFNYyDnDB9Hjy7sb1LSB2KxAQr3EV,SOL,Solana,1221712,1277911,207283
2026-04-23 18:59:21 UTC,solana,sosd5Q3DutGxMEaukBDmkPgsapMQz59jNjGWmhYcdTQ,SOL,Solana,2466934,3293490,201627
2026-04-23 18:59:21 UTC,solana,SooEj828BSjtgTecBRkqBJ4oquc713yyFZqbCawawoN,SOL,Solana,7050133,9403844,201626
2026-04-23 18:59:21 UTC,solana,sokhCSmzutMPPuNcxG1j6gYLowgiM8mswjJu8FBYm5r,SOL,Solana,901262,2310804,201627
2026-04-23 18:59:21 UTC,solana,3z2tRjNuQjoq6UDcw4zyEPD1Eb5KXMPYb4GWFzVT1DPg,SURGE,SURGE,399867,6340141,390137
2026-04-23 18:59:21 UTC,solana,HmBdm8vbisABUjkxms6ZUnoaXbfwFM6ymxShWfAENaoi,EITHER,Eitherway,268755,10039695,2729438
2026-04-24 01:58:13 UTC,solana,8LGDbaqfHm6hAx6iMmm4eGELwt1GfcS91AKdHh9Vpump,ELONCOIN,Currency of Earth,103776,1761293,200695
2026-04-24 01:58:13 UTC,solana,XGbMLzy8r7iJN96huatiyv3VtJ3o1VYjpVzSz7Zpump,CR7,CR7,219032,6566595,6961662
2026-04-24 01:58:13 UTC,solana,9kcgjPLUB1Twq6NWHd51jGQJsd8Lgc1xZVyioCAWpump,FCS,Flying Cocaine Salmon,28037,120623,272260
2026-04-24 01:58:13 UTC,bsc,0x6C3e267C32E52d4d21Fe825BC293f29922154444,STRETCH,Stretch,45815,219351,616393
2026-04-24 01:58:13 UTC,solana,222ctdtoVgjWfLFMZLVXkj1pWFDBhYFPzzewFqLypump,AINI,Aini,104079,1568286,2399120
2026-04-24 01:58:13 UTC,solana,HtHknhf3sFPMnEyz8EszVvjGs4pU8fFZXuqTN5C5pump,LARP,Larpcoin,108910,1556544,1591508
2026-04-24 01:58:13 UTC,solana,FFvp48WygUSxCCNP3n9Zu5G7F2yatwXQHbpD2Mkkpump,Skibidi,Skibidi Toilet,72016,477158,472796
2026-04-24 01:58:13 UTC,solana,GgieLnjHjwYwSvscVNc2xB2qN1K3YhjYPngzY9c2bonk,AIB,AMERICA IS BACK,67199,488156,2710354
2026-04-24 01:58:13 UTC,solana,BFiGUxnidogqcZAPVPDZRCfhx3nXnFLYqpQUaUGpump,SPIKE,SPIKE ,343896,9873157,1885339
2026-04-24 01:58:13 UTC,solana,CcLd8HTAKLWtQHatqPwBQjtuCA72FNB9E1ckRTEzpump,ALTSZN,ALTSEASON,128570,2494862,524061
2026-04-24 01:58:13 UTC,solana,Hc2CZzfiuBuSjTg6mpUByHVryy5e4yu8L7L4vtppump,Rudi,AI Coach Rudi,64035,386138,150752
2026-04-24 01:58:13 UTC,solana,CAjtTHvC878f8cZ4zEwdvgjkjFM7rbYN8Mb1go1cpump,DUMBMONEY,Dumb Money,113004,915439,604636
2026-04-24 01:58:13 UTC,ethereum,0x45547AB0100f5E8b158258b6d94D7586De69fc21,MYSTERY,Mystery,234300,3558562,1377536
2026-04-24 01:58:13 UTC,solana,Eh9xdfR9uxCjoyY85m3caC2K3MEEuSGNBXaCYpoEpump,Untweeney,Unt Sweeney,34132,150585,1624307
2026-04-24 01:58:13 UTC,solana,6GdYR2J1FHmSGfUoqopjRD5rGNJug1J5PzDBTRzZX5gU,WIFE,Wife Changing Money,109848,1673943,2813723
2026-04-24 01:58:13 UTC,solana,GEr3mpSoqQiQsxYKUH8GZqyMConyJSNz3uVRL9bmpump,$ASTR,Asteroid,52638,302235,309712
2026-04-24 01:58:13 UTC,base,0x311935Cd80B76769bF2ecC9D8Ab7635b2139cf82,SOL,Solana,581452,5993165,2062273
2026-04-24 01:58:13 UTC,solana,SooEj828BSjtgTecBRkqBJ4oquc713yyFZqbCawawoN,SOL,Solana,7050137,9403843,204785
2026-04-24 01:58:13 UTC,solana,7AEEdoP2zhMad1tkFNYyDnDB9Hjy7sb1LSB2KxAQr3EV,SOL,Solana,1221718,1277912,207437
2026-04-24 01:58:13 UTC,solana,sosd5Q3DutGxMEaukBDmkPgsapMQz59jNjGWmhYcdTQ,SOL,Solana,2466938,3293488,207447
2026-04-24 01:58:13 UTC,solana,sokhCSmzutMPPuNcxG1j6gYLowgiM8mswjJu8FBYm5r,SOL,Solana,901249,2310801,204785
2026-04-24 01:58:13 UTC,solana,3z2tRjNuQjoq6UDcw4zyEPD1Eb5KXMPYb4GWFzVT1DPg,SURGE,SURGE,387498,5894548,408191
2026-04-24 07:52:07 UTC,solana,24HsTCaPVExtvaSjRTAy8bz5ac7LNGd3gE9ExV3Ppump,uncvwance,unc vwance,25711,101857,376087
2026-04-24 07:52:07 UTC,base,0x30fD057F58BbdfcC8677393fDDA108421723879C,Blackstar,Blackstar,71336,133635,355133
2026-04-24 07:52:07 UTC,ethereum,0x546500f704367B647D2c3F6417af0A2aD4bC7cd6,PUNK,punk,518123,3704701,548834
2026-04-24 07:52:07 UTC,solana,2ra5idczuCQhDe1U5D52G8Rms6hzHuHeTqP51fdHpump,chloe,chloe,68211,497179,7154239
2026-04-24 07:52:07 UTC,ethereum,0xb4577d084f289E696dDFAC178C11663E573900f1,CHAD,Chad,117495,306383,136299
2026-04-24 07:52:07 UTC,ethereum,0x998d6171cE624f2e6a58545fCBa8557fFd647672,AIB,AmericaIsBack,57571,780062,733639
2026-04-24 07:52:07 UTC,solana,5gTPspC2ricuGWiYQ4Ghausg8fsq7uCrGgSVACatcoin,CATCOIN,Catcoin,53381,441655,536193
2026-04-24 07:52:07 UTC,solana,BdqNyg2k9TrYUGjadxMRjxv7xn1pPYpfeDXj5wSnbrrr,roi,retarded online investment,26411,148739,135096
2026-04-24 07:52:07 UTC,solana,CAjtTHvC878f8cZ4zEwdvgjkjFM7rbYN8Mb1go1cpump,DUMBMONEY,Dumb Money,114429,944629,544074
2026-04-24 07:52:07 UTC,solana,CnGb7hJsGdsFyQP2uXNWrUgT5K1tovBA3mNnUZcTpump,flork,FLORK,94273,306467,147347
2026-04-24 07:52:07 UTC,ethereum,0x6F0066f9Df5abf780CfC69Ebe50b71Fc4cdB08B0,DANKDOGE,DANK DOGE,95892,571160,1495857
2026-04-24 07:52:07 UTC,solana,CcLd8HTAKLWtQHatqPwBQjtuCA72FNB9E1ckRTEzpump,ALTSZN,ALTSEASON,134369,2745215,548896
2026-04-24 07:52:07 UTC,solana,9HHhEP7jGvNCtdp52RLctRK6YSVFysgYT7F5WVgLpump,shitter,shitter,29202,131765,319698
2026-04-24 07:52:07 UTC,solana,Hc2CZzfiuBuSjTg6mpUByHVryy5e4yu8L7L4vtppump,Rudi,AI Coach Rudi,56535,303015,171210
2026-04-24 07:52:07 UTC,solana,HtHknhf3sFPMnEyz8EszVvjGs4pU8fFZXuqTN5C5pump,LARP,Larpcoin,107927,1524314,1697711
2026-04-24 07:52:07 UTC,solana,Ai9HeYDrjpJtrjpHfDwVXfVoCR5ja9Cmt9cHGg2kpump,ALIENPEPE,Alien Pepe,32482,140584,350301
2026-04-24 07:52:07 UTC,solana,3TYgKwkE2Y3rxdw9osLRSpxpXmSC1C1oo19W9KHspump,BULL,Bull,222832,3359865,842169
2026-04-24 07:52:07 UTC,solana,BFiGUxnidogqcZAPVPDZRCfhx3nXnFLYqpQUaUGpump,SPIKE,SPIKE ,334459,9411813,1810446
2026-04-24 07:52:07 UTC,solana,222ctdtoVgjWfLFMZLVXkj1pWFDBhYFPzzewFqLypump,AINI,Aini,114075,1864689,2910091
2026-04-24 07:52:07 UTC,ethereum,0x45547AB0100f5E8b158258b6d94D7586De69fc21,MYSTERY,Mystery,235276,3593476,1491889
2026-04-24 07:52:07 UTC,solana,GEr3mpSoqQiQsxYKUH8GZqyMConyJSNz3uVRL9bmpump,$ASTR,Asteroid,50768,282008,357752
2026-04-24 07:52:07 UTC,base,0x311935Cd80B76769bF2ecC9D8Ab7635b2139cf82,SOL,Solana,755623,5932874,2079434
2026-04-24 07:52:07 UTC,solana,SooEj828BSjtgTecBRkqBJ4oquc713yyFZqbCawawoN,SOL,Solana,7050143,9403844,207067
2026-04-24 07:52:07 UTC,solana,7AEEdoP2zhMad1tkFNYyDnDB9Hjy7sb1LSB2KxAQr3EV,SOL,Solana,1221712,1277911,209736
2026-04-24 07:52:07 UTC,solana,sosd5Q3DutGxMEaukBDmkPgsapMQz59jNjGWmhYcdTQ,SOL,Solana,2466944,3293490,209729
2026-04-24 07:52:07 UTC,solana,sokhCSmzutMPPuNcxG1j6gYLowgiM8mswjJu8FBYm5r,SOL,Solana,901255,2310803,207067
2026-04-24 07:52:07 UTC,solana,3z2tRjNuQjoq6UDcw4zyEPD1Eb5KXMPYb4GWFzVT1DPg,SURGE,SURGE,383513,5820099,385744
2026-04-24 13:05:43 UTC,solana,GMZ9NDKxwJP1Me4VHfysoQUxCDw4y3rMWjPHUXQPXJNt,GOOD,Good Times,53118,382541,184286
2026-04-24 13:05:43 UTC,base,0xc3E2F19d95BDB4E9E0CC9FB4c74676a94aBB0a21,CAP,Capminal Agent,93339,157533,381232
2026-04-24 13:05:43 UTC,bsc,0x566A4020B80a7ae87e9F8A41eEf8EFe1ff3a4444,和平熊猫,PingPingand FuShuang,44387,180814,1467338
2026-04-24 13:05:43 UTC,solana,FFvp48WygUSxCCNP3n9Zu5G7F2yatwXQHbpD2Mkkpump,Skibidi,Skibidi Toilet,115521,1187645,847968
2026-04-24 13:05:43 UTC,ethereum,0xC77867d630dBE567d219A86fDDBe7ef1F0670FDc,ALIENS,Aliens,65400,450377,128297
2026-04-24 13:05:43 UTC,solana,6Bp9LWtyVXcEATi5nuquX5p1hPGUg1cVoUuXGN9Epump,AIFRUITS,AI Fruits,61287,301848,201687
2026-04-24 13:05:43 UTC,solana,32CdQdBUxbCsLy5AUHWmyidfwhgGUr9N573NBUrDpump,maxxing,maxxing,202607,1956634,346149
2026-04-24 13:05:43 UTC,solana,oHo3ssTsm9bxtegyRMpYsvASVGQAF2SYqeX1JjJWXRA,OHO,ohwoo Protocol,60735,116597,133871
2026-04-24 13:05:43 UTC,solana,HGxYWHhDNGFh7FpoJTuwgNuB7VAHtpeBVBo1u73Tpump,mexicanunc,mexican unc,148426,2916169,4264745
2026-04-24 13:05:43 UTC,solana,CcLd8HTAKLWtQHatqPwBQjtuCA72FNB9E1ckRTEzpump,ALTSZN,ALTSEASON,137809,2853070,552057
2026-04-24 13:05:43 UTC,ethereum,0x45547AB0100f5E8b158258b6d94D7586De69fc21,MYSTERY,Mystery,237879,3640792,1362623
2026-04-24 13:05:43 UTC,solana,9HHhEP7jGvNCtdp52RLctRK6YSVFysgYT7F5WVgLpump,shitter,shitter,29911,134427,442797
2026-04-24 13:05:43 UTC,solana,Hc2CZzfiuBuSjTg6mpUByHVryy5e4yu8L7L4vtppump,Rudi,AI Coach Rudi,57699,311364,193589
2026-04-24 13:05:43 UTC,solana,HtHknhf3sFPMnEyz8EszVvjGs4pU8fFZXuqTN5C5pump,LARP,Larpcoin,118986,1815811,1772773
2026-04-24 13:05:43 UTC,solana,CAjtTHvC878f8cZ4zEwdvgjkjFM7rbYN8Mb1go1cpump,DUMBMONEY,Dumb Money,110634,872352,482424
2026-04-24 13:05:43 UTC,solana,3TYgKwkE2Y3rxdw9osLRSpxpXmSC1C1oo19W9KHspump,BULL,Bull,217375,3154000,927803
2026-04-24 13:05:43 UTC,solana,BFiGUxnidogqcZAPVPDZRCfhx3nXnFLYqpQUaUGpump,SPIKE,SPIKE ,323516,8698740,1731978
2026-04-24 13:05:43 UTC,solana,222ctdtoVgjWfLFMZLVXkj1pWFDBhYFPzzewFqLypump,AINI,Aini,108019,1646881,3055199
2026-04-24 13:05:43 UTC,solana,DACYVx34V5aQaehN3MZGYxPfoyQYHZSnFAFw3T2Vbonk,IMOUT,I AM OUT,28070,129318,172212
2026-04-24 13:05:43 UTC,ethereum,0xb4577d084f289E696dDFAC178C11663E573900f1,CHAD,Chad,128997,361545,115552
2026-04-24 13:05:43 UTC,base,0x311935Cd80B76769bF2ecC9D8Ab7635b2139cf82,SOL,Solana,329815,6004025,3530683
2026-04-24 13:05:43 UTC,solana,SooEj828BSjtgTecBRkqBJ4oquc713yyFZqbCawawoN,SOL,Solana,7050148,9403845,201107
2026-04-24 13:05:43 UTC,solana,7AEEdoP2zhMad1tkFNYyDnDB9Hjy7sb1LSB2KxAQr3EV,SOL,Solana,1221718,1277912,203780
2026-04-24 13:05:43 UTC,solana,sosd5Q3DutGxMEaukBDmkPgsapMQz59jNjGWmhYcdTQ,SOL,Solana,2466950,3293491,203768
2026-04-24 13:05:43 UTC,solana,sokhCSmzutMPPuNcxG1j6gYLowgiM8mswjJu8FBYm5r,SOL,Solana,901261,2310806,201107
2026-04-24 13:05:43 UTC,solana,3z2tRjNuQjoq6UDcw4zyEPD1Eb5KXMPYb4GWFzVT1DPg,SURGE,SURGE,392160,6022138,314126
